idazienda,azienda,idpersona,nome,cognome,email
2,Grifondoro,2,Harry,Potter,harry.potter@grifondoro.it
2,Grifondoro,3,Ron,Weasley,ron.weasley@grifondoro.it
2,Grifondoro,4,Hermione,Granger,hermione.granger@grifondoro.it
2,Grifondoro,5,Neville,Paciock,neville.paciock@grifondoro.it
2,Grifondoro,6,Seamus,Finnigan,seamus.finnigan@grifondoro.it
2,Grifondoro,7,Dean,Thomas,dean.thomas@grifondoro.it
2,Grifondoro,8,Lavanda,Brown,lavanda.brown@grifondoro.it
2,Grifondoro,9,Calì,Patil,calì.patil@grifondoro.it
2,Grifondoro,10,Ginny,Weasley,ginny.weasley@grifondoro.it
2,Grifondoro,11,Fred,Weasley,fred.weasley@grifondoro.it
2,Grifondoro,12,George,Weasley,george.weasley@grifondoro.it
2,Grifondoro,13,Percy,Weasley,percy.weasley@grifondoro.it
2,Grifondoro,14,Angelina,Johnson,angelina.johnson@grifondoro.it
2,Grifondoro,15,Katie,Bell,katie.bell@grifondoro.it
2,Grifondoro,16,Alicia,Spinnet,alicia.spinnet@grifondoro.it
2,Grifondoro,17,Cormac,McLaggen,cormac.mclaggen@grifondoro.it
2,Grifondoro,18,Oliver,Baston,oliver.baston@grifondoro.it
2,Grifondoro,19,Lee,Jordan,lee.jordan@grifondoro.it
2,Grifondoro,20,Romilda,Vane,romilda.vane@grifondoro.it
2,Grifondoro,21,Colin,Canon,colin.canon@grifondoro.it
2,Grifondoro,22,Dennis,Canon,dennis.canon@grifondoro.it
2,Grifondoro,23,Eloise,Midgen,eloise.midgen@grifondoro.it
2,Grifondoro,24,Demelza,Robins,demelza.robins@grifondoro.it
2,Grifondoro,25,Jimmy,Peakes,jimmy.peakes@grifondoro.it
2,Grifondoro,26,Ritchie,Coote,ritchie.coote@grifondoro.it
2,Grifondoro,27,Andrew,Kirke,andrew.kirke@grifondoro.it
2,Grifondoro,28,Jack,Sloper,jack.sloper@grifondoro.it
2,Grifondoro,29,Nigel,Wolpert,nigel.wolpert@grifondoro.it
2,Grifondoro,30,Kenneth,Towler,kenneth.towler@grifondoro.it
2,Grifondoro,31,Euan,Abercrombie,euan.abercrombie@grifondoro.it
2,Grifondoro,32,Natalie,McDonald,natalie.mcdonald@grifondoro.it
2,Grifondoro,33,Vicky,Frobisher,vicky.frobisher@grifondoro.it
3,Corvonero,34,Luna,Lovegood,luna.lovegood@corvonero.it
3,Corvonero,35,Cho,Chang,cho.chang@corvonero.it
3,Corvonero,36,Padma,Patil,padma.patil@corvonero.it
3,Corvonero,37,Michael,Corner,michael.corner@corvonero.it
3,Corvonero,38,Marietta,Edgecombe,marietta.edgecombe@corvonero.it
3,Corvonero,39,Terry,Steeval,terry.steeval@corvonero.it
3,Corvonero,40,Anthony,Goldstein,anthony.goldstein@corvonero.it
3,Corvonero,41,Penelope,Light,penelope.light@corvonero.it
3,Corvonero,42,Roger,Davies,roger.davies@corvonero.it
3,Corvonero,43,Marcus,Belby,marcus.belby@corvonero.it
3,Corvonero,44,Morag,McDougal,morag.mcdougal@corvonero.it
3,Corvonero,45,Mandy,Brocklehurst,mandy.brocklehurst@corvonero.it
3,Corvonero,46,Lisa,Turpin,lisa.turpin@corvonero.it
3,Corvonero,47,Stewart,Ackerley,stewart.ackerley@corvonero.it
3,Corvonero,48,Orla,Quirke,orla.quirke@corvonero.it
3,Corvonero,49,Eddie,Charmichael,eddie.charmichael@corvonero.it
3,Corvonero,50,Duncan,Inglebee,duncan.inglebee@corvonero.it
3,Corvonero,51,Grant,Page,grant.page@corvonero.it
3,Corvonero,52,Jason,Samuels,jason.samuels@corvonero.it
3,Corvonero,53,Jeremy,Stretton,jeremy.stretton@corvonero.it
3,Corvonero,54,Randolph,Burrow,randolph.burrow@corvonero.it
3,Corvonero,55,S,Fawcett,s.fawcett@corvonero.it
3,Corvonero,56,Bradley,,
3,Corvonero,57,Chambers,,
4,Tassorosso,58,Cedric,Diggory,cedric.diggory@tassorosso.it
4,Tassorosso,59,Hannah,Abbott,hannah.abbott@tassorosso.it
4,Tassorosso,60,Susan,Hossas,susan.hossas@tassorosso.it
4,Tassorosso,61,Justin,Finch-Fletchley,justin.finch-fletchley@tassorosso.it
4,Tassorosso,62,Ernie,Macmillan,ernie.macmillan@tassorosso.it
4,Tassorosso,63,Zacharias,Smith,zacharias.smith@tassorosso.it
4,Tassorosso,64,Leanne,,
4,Tassorosso,65,Eleanor,Branstone,eleanor.branstone@tassorosso.it
4,Tassorosso,66,Owen,Caldwell,owen.caldwell@tassorosso.it
4,Tassorosso,67,Laura,Madley,laura.madley@tassorosso.it
4,Tassorosso,68,kevin,Witby,kevin.witby@tassorosso.it
4,Tassorosso,69,Rose,Zeller,rose.zeller@tassorosso.it
4,Tassorosso,70,Megan,Jones,megan.jones@tassorosso.it
4,Tassorosso,71,Wayne,Hopkins,wayne.hopkins@tassorosso.it
4,Tassorosso,72,Herbert,Fleet,herbert.fleet@tassorosso.it
4,Tassorosso,73,Heidi,Macavoy,heidi.macavoy@tassorosso.it
4,Tassorosso,74,Maxine,O'Flaherty,maxine.o'flaherty@tassorosso.it
4,Tassorosso,75,Malcolm,Preece,malcolm.preece@tassorosso.it
4,Tassorosso,76,Anthony,Rickett,anthony.rickett@tassorosso.it
4,Tassorosso,77,Stebbins,,
4,Tassorosso,78,Summerby,,
4,Tassorosso,79,Summers,,
5,Serpeverde,80,Draco,Malfoy,draco.malfoy@serpeverde.it
5,Serpeverde,81,Vincent,Tiger,vincent.tiger@serpeverde.it
5,Serpeverde,82,Gregory,Goyle,gregory.goyle@serpeverde.it
5,Serpeverde,83,Pansy,Parkinson,pansy.parkinson@serpeverde.it
5,Serpeverde,84,Blaise,Zabini,blaise.zabini@serpeverde.it
5,Serpeverde,85,Millicent,Bulstrode,millicent.bulstrode@serpeverde.it
5,Serpeverde,86,Theodore,Nott,theodore.nott@serpeverde.it
5,Serpeverde,87,Marcus,Flitt,marcus.flitt@serpeverde.it
5,Serpeverde,88,Adrian,Pucey,adrian.pucey@serpeverde.it
5,Serpeverde,89,Malcolm,Baddock,malcolm.baddock@serpeverde.it
5,Serpeverde,90,Terence,Higgs,terence.higgs@serpeverde.it
5,Serpeverde,91,Graham,Pritchard,graham.pritchard@serpeverde.it
5,Serpeverde,92,Miles,Bletchley,miles.bletchley@serpeverde.it
5,Serpeverde,93,Tracey,Davis,tracey.davis@serpeverde.it
5,Serpeverde,94,Kain,Montague,kain.montague@serpeverde.it
5,Serpeverde,95,Daphne,Greengrass,daphne.greengrass@serpeverde.it
5,Serpeverde,96,Astoria,Greengrass,astoria.greengrass@serpeverde.it
5,Serpeverde,97,C.,Warrington,c..warrington@serpeverde.it
5,Serpeverde,98,Peregrine,Derrick,peregrine.derrick@serpeverde.it
5,Serpeverde,99,Lucian,Bole,lucian.bole@serpeverde.it
5,Serpeverde,100,Vaisey,,
5,Serpeverde,101,Urquhart,,
5,Serpeverde,102,Harper,,
